{"cameraMode":{"drawMode":0,"name":"Shaded","section":"Shading Mode"},"sceneLighting":true,"audioPlay":false,"sceneViewState":{"showFog":true,"showMaterialUpdate":false,"showSkybox":true,"showFlares":true,"showImageEffects":true,"showParticleSystems":true,"showVisualEffectGraphs":true,"m_FxEnabled":true},"in2DMode":false,"pivot":{"x":-0.1049947738647461,"y":1.573042392730713,"z":1.1092160940170289},"rotation":{"x":-0.055797021836042407,"y":0.7120115756988525,"z":-0.056945256888866428,"w":-0.6976335048675537},"size":2.6741130352020265,"orthographic":false}